align_VERB,coordinate_VERB,integrate_VERB,synchronize_VERB,systematize_VERB,harmonize_VERB
advancement_NOUN,improvement_NOUN,development_NOUN,progress_NOUN,enhancement_NOUN,
boast_VERB,exhibit_VERB,display_VERB,showcase_VERB,highlight_VERB,underscore_VERB
boast_NOUN,feature_NOUN,highlight_NOUN,distinction_NOUN,merit_NOUN,excellence_NOUN
commendable_ADJ,laudable_ADJ,praiseworthy_ADJ,admirable_ADJ,noteworthy_ADJ,meritorious_ADJ
comprehend_VERB,understand_VERB,grasp_VERB,perceive_VERB,appreciate_VERB,
crucial_ADJ,key_ADJ,critical_ADJ,vital_ADJ,essential_ADJ,pivotal_ADJ
delve_VERB,explore_VERB,investigate_VERB,examine_VERB,research_VERB,probe_VERB
emphasize_VERB,highlight_VERB,stress_VERB,underscore_VERB,accentuate_VERB,reinforce_VERB
garner_VERB,compiled_VERB,amassed_VERB,collected_VERB,assembled_VERB,aggregated_VERB
groundbreaking_ADJ,innovative_ADJ,original_ADJ,novel_ADJ,inventive_ADJ,visionary_ADJ
intricacy_NOUN,complexity_NOUN,complication_NOUN,convolution_NOUN,sophistication_NOUN,intricateness_NOUN
intricate_ADJ,complex_ADJ,convoluted_ADJ,sophisticated_ADJ,multifaceted_ADJ,elaborate_ADJ
invaluable_ADJ,valuable_ADJ,inestimable_ADJ,priceless_ADJ,immeasurable_ADJ,irreplaceable_ADJ
meticulous_ADJ,thorough_ADJ,diligent_ADJ,scrupulous_ADJ,precise_ADJ,vigilant_ADJ
meticulously_ADV,carefully_ADV,rigorously_ADV,precisely_ADV,thoroughly_ADV,comprehensively_ADV
notable_ADJ,outstanding_ADJ,distinguished_ADJ,noteworthy_ADJ,eminent_ADJ,renowned_ADJ
noteworthy_ADJ,notable_ADJ,remarkable_ADJ,outstanding_ADJ,distinguished_ADJ,eminent_ADJ
pivotal_ADJ,crucial_ADJ,key_ADJ,critical_ADJ,vital_ADJ,essential_ADJ
potential_ADJ,possible_ADJ,probable_ADJ,feasible_ADJ,theoretical_ADJ,achievable_ADJ
potential_NOUN,possibility_NOUN,prospect_NOUN,capability_NOUN,likelihood_NOUN,probability_NOUN
realm_NOUN,domain_NOUN,field_NOUN,discipline_NOUN,sphere_NOUN,territory_NOUN
showcase_NOUN,exhibit_NOUN,presentation_NOUN,display_NOUN,demonstration_NOUN,forum_NOUN
showcase_VERB,demonstrate_VERB,illustrate_VERB,reveal_VERB,exhibit_VERB,present_VERB
significant_ADJ,substantial_ADJ,important_ADJ,notable_ADJ,noteworthy_ADJ,
strategically_ADV,tactically_ADV,deliberately_ADV,purposefully_ADV,methodically_ADV,consciously_ADV
surpass_VERB,exceed_VERB,transcend_VERB,outstrip_VERB,outperform_VERB,eclipse_VERB
underscore_VERB,emphasize_VERB,reinforce_VERB,highlight_VERB,stress_VERB,accentuate_VERB
underscore_NOUN,emphasis_NOUN,highlight_NOUN,stress_NOUN,importance_NOUN,significance_NOUN
garnered_ADJ,collected_ADJ,acquired_ADJ,obtained_ADJ,assembled_ADJ,amassed_ADJ
emphasizing_ADJ,highlighting_ADJ,underscoring_ADJ,stressing_ADJ,prioritizing_ADJ,
comprehending_ADJ,understanding_ADJ,grasping_ADJ,perceiving_ADJ,interpreting_ADJ,discerning_ADJ
important_ADJ,significant_ADJ,crucial_ADJ,pivotal_ADJ,noteworthy_ADJ,substantial_ADJ
